{
    "mainMenu": [
        {
            "id": 1,
            "title": "ابزارآلات کوبشی، قلم ها، سنبه ها و اهرم ها"
        },
        {
            "id": 2,
            "title": "انبرها، آچار ها و پیچ گوشتی ها"
        },
        {
            "id": 3,
            "title": "ابزارآلات برشکاری"
        },
        {
            "id": 4,
            "title": "ابزارآلات مارک زنی"
        },
        {
            "id": 5,
            "title": "تجهیزات انبارش و جابه‌جایی"
        },
        {
            "id": 6,
            "title": "ابزارآلات صافکاری"
        },
        {
            "id": 7,
            "title": "تجهیزات روانکاری"
        },
        {
            "id": 8,
            "title": "گیره ها، سندان ها و قلاب ها"
        },
        {
            "id": 9,
            "title": "گیره ها، سندان ها و قلاب ها"
        },
        {
            "id": 10,
            "title": "مجموعه ها"
        },
        {
            "id": 1,
            "title": "ابزارآلات کوبشی، قلم ها، سنبه ها و اهرم ها"
        },
        {
            "id": 2,
            "title": "انبرها، آچار ها و پیچ گوشتی ها"
        },
        {
            "id": 3,
            "title": "ابزارآلات برشکاری"
        },
        {
            "id": 4,
            "title": "ابزارآلات مارک زنی"
        },
        {
            "id": 5,
            "title": "تجهیزات انبارش و جابه‌جایی"
        },
        {
            "id": 6,
            "title": "ابزارآلات صافکاری"
        },
        {
            "id": 7,
            "title": "تجهیزات روانکاری"
        },
        {
            "id": 8,
            "title": "گیره ها، سندان ها و قلاب ها"
        },
        {
            "id": 9,
            "title": "گیره ها، سندان ها و قلاب ها"
        },
        {
            "id": 10,
            "title": "مجموعه ها"
        }
    ]
}