{
    "subMenu": [
        {
            "id": 1,
            "title": "دسته بندی ۱"
        },
        {
            "id": 2,
            "title": "دسته بندی ۲"
        },
        {
            "id": 3,
            "title": "دسته بندی ۳"
        },
        {
            "id": 4,
            "title": "دسته بندی ۴"
        },
        {
            "id": 5,
            "title": "دسته بندی ۵"
        },
        {
            "id": 2,
            "title": "دسته بندی ۲"
        },
        {
            "id": 3,
            "title": "دسته بندی ۳"
        },
        {
            "id": 4,
            "title": "دسته بندی ۴"
        },
        {
            "id": 5,
            "title": "دسته بندی ۵"
        }
    ]
}